-16,871;103,619
-16,861;-11434,100
-16,851;-16178,956
-16,841;-17242,789
-16,831;-16425,895
-16,821;-14752,643
-16,811;-12790,324
-16,801;-10839,169
-16,791;-9045,490
-16,781;-7468,813
-16,771;-6121,444
-16,761;-4991,533
-16,751;-4056,272
-16,741;-3289,239
-16,731;-2664,297
-16,721;-2157,491
-16,711;-1747,813
-16,701;-1417,355
-16,691;-1151,135
-16,681;-936,786
-16,671;-764,199
-16,661;-625,169
-16,651;-513,067
-16,641;-422,561
-16,631;-349,371
-16,621;-290,072
-16,611;-241,922
-16,601;-202,730
-16,591;-170,743
-16,581;-144,563
-16,571;-123,069
-16,561;-105,366
-16,551;-90,735
-16,541;-78,601
-16,531;-68,500
-16,521;-60,060
-16,511;-52,981
-16,501;-47,020
-16,491;-41,981
-16,481;-37,703
-16,471;-34,057
-16,461;-30,937
-16,451;-28,256
-16,441;-25,942
-16,431;-23,938
-16,421;-22,194
-16,411;-20,671
-16,401;-19,335
-16,391;-18,159
-16,381;-17,119
-16,371;-16,195
-16,361;-15,372
-16,351;-14,636
-16,341;-13,975
-16,331;-13,379
-16,321;-12,840
-16,311;-12,351
-16,301;-11,906
-16,291;-11,500
-16,281;-11,127
-16,271;-10,786
-16,261;-10,471
-16,251;-10,182
-16,241;-9,914
-16,231;-9,668
-16,221;-9,440
-16,211;-9,229
-16,201;-9,034
-16,191;-8,854
-16,181;-8,689
-16,171;-8,538
-16,161;-8,399
-16,151;-8,273
-16,141;-8,160
-16,131;-8,059
-16,121;-7,970
-16,111;-7,893
-16,101;-7,828
-16,091;-7,775
-16,081;-7,735
-16,071;-7,708
-16,061;-7,694
-16,051;-7,694
-16,041;-7,708
-16,031;-7,738
-16,021;-7,783
-16,011;-7,846
-16,001;-7,927
-15,991;-8,027
-15,981;-8,149
-15,971;-8,294
-15,961;-8,464
-15,951;-8,662
-15,941;-8,891
-15,931;-9,154
-15,921;-9,457
-15,911;-9,804
-15,901;-10,201
-15,891;-10,656
-15,881;-11,180
-15,871;-11,783
-15,861;-12,481
-15,851;-13,293
-15,841;-14,244
-15,831;-15,368
-15,821;-16,710
-15,811;-18,333
-15,801;-20,326
-15,791;-22,823
-15,781;-26,030
-15,771;-30,284
-15,761;-36,177
-15,751;-44,851
-15,741;-58,829
-15,731;-85,021
-15,721;-151,528
-15,711;-656,634
-15,701;289,282
-15,691;120,052
-15,681;76,416
-15,671;56,440
-15,661;45,011
-15,651;37,630
-15,641;32,484
-15,631;28,702
-15,621;25,817
-15,611;23,551
-15,601;21,732
-15,591;20,248
-15,581;19,020
-15,571;17,995
-15,561;17,132
-15,551;16,403
-15,541;15,786
-15,531;15,263
-15,521;14,822
-15,511;14,453
-15,501;14,149
-15,491;13,902
-15,481;13,709
-15,471;13,566
-15,461;13,471
-15,451;13,422
-15,441;13,418
-15,431;13,459
-15,421;13,546
-15,411;13,678
-15,401;13,859
-15,391;14,091
-15,381;14,375
-15,371;14,717
-15,361;15,120
-15,351;15,589
-15,341;16,131
-15,331;16,752
-15,321;17,461
-15,311;18,267
-15,301;19,182
-15,291;20,217
-15,281;21,388
-15,271;22,710
-15,261;24,203
-15,251;25,889
-15,241;27,793
-15,231;29,945
-15,221;32,377
-15,211;35,128
-15,201;38,242
-15,191;41,771
-15,181;45,774
-15,171;50,320
-15,161;55,487
-15,151;61,367
-15,141;68,067
-15,131;75,711
-15,121;84,441
-15,111;94,427
-15,101;105,861
-15,091;118,973
-15,081;134,029
-15,071;151,339
-15,061;171,269
-15,051;194,247
-15,041;220,776
-15,031;251,451
-15,021;286,970
-15,011;328,159
-15,001;375,996
-14,991;431,639
-14,981;496,464
-14,971;572,108
-14,961;660,522
-14,951;764,036
-14,941;885,440
-14,931;1028,079
-14,921;1195,973
-14,911;1393,966
-14,901;1627,907
-14,891;1904,873
-14,881;2233,455
-14,871;2624,099
-14,861;3089,549
-14,851;3645,389
-14,841;4310,730
-14,831;5109,079
-14,821;6069,438
-14,811;7227,691
-14,801;8628,393
-14,791;10327,036
-14,781;12392,980
-14,771;14913,222
-14,761;17997,288
-14,751;21783,586
-14,741;26447,721
-14,731;32213,402
-14,721;39366,827
-14,711;48275,759
-14,701;59414,933
-14,691;73400,084
-14,681;91033,771
-14,671;113367,437
-14,661;141785,949
-14,651;178123,473
-14,641;224823,311
-14,631;285159,844
-14,621;363548,828
-14,611;465984,368
-14,601;600658,912
-14,591;778849,585
-14,581;1016196,337
-14,571;1334559,821
-14,561;1764747,007
-14,551;2350546,872
-14,541;3154764,650
-14,531;4268337,338
-14,521;5824254,163
-14,511;8019048,721
-14,501;11146402,348
-14,491;15650312,966
-14,481;22210374,438
-14,471;31880476,822
-14,461;46317767,330
-14,451;68166605,334
-14,441;101713287,105
-14,431;154022525,687
-14,421;236947933,453
-14,411;370761443,654
-14,401;590849003,929
-14,391;960354023,601
-14,381;1594657672,018
-14,371;2710076749,637
-14,361;4723613634,503
-14,351;8463876060,076
-14,341;15632781954,281
-14,331;29855273609,610
-14,321;59167409601,637
-14,311;122191369431,455
-14,301;264263659156,955
-14,291;602032471974,831
-14,281;1454947584227,432
-14,271;3762184042046,280
-14,261;10519249550403,008
-14,251;32227537941484,973
-14,241;110026870627682,980
-14,231;427918843788970,200
-14,221;1952610024811274,200
-14,211;10888107680761946,000
-14,201;78671305497111120,000
-14,191;804868266574419970,000
-14,181;13462217437658580000,000
-14,171;475857286948785750000,000
-14,161;60484349379084810000000,000
-14,151;115667997069616310000000000,000
-14,141;6923939515689252000000000000000000,000
-14,131;8374222027824793000000000000000,000
-14,121;10892401798771534000000000,000
-14,111;12117302535212426000000,000
-14,101;122935431487920080000,000
-14,091;3798192779204915200,000
-14,081;230008070117634752,000
-14,071;21870953325636620,000
-14,061;2874777599622292,000
-14,051;482171510333364,400
-14,041;97815471257498,480
-14,031;23115298137215,703
-14,021;6191283560648,360
-14,011;1841259110530,744
-14,001;598441287381,429
-13,991;209938629863,271
-13,981;78704869016,438
-13,971;31277892610,992
-13,961;13089171909,090
-13,951;5736204652,323
-13,941;2620347421,764
-13,931;1242819404,638
-13,921;609980833,705
-13,911;308911072,203
-13,901;161020338,230
-13,891;86202842,606
-13,881;47308585,655
-13,871;26571856,285
-13,861;15252483,813
-13,851;8936017,168
-13,841;5337582,692
-13,831;3247211,806
-13,821;2010288,751
-13,811;1265454,044
-13,801;809410,735
-13,791;525717,054
-13,781;346536,171
-13,771;231704,510
-13,761;157074,425
-13,751;107913,001
-13,741;75104,393
-13,731;52931,892
-13,721;37763,849
-13,711;27264,348
-13,701;19912,840
-13,691;14707,935
-13,681;10982,881
-13,671;8288,835
-13,661;6320,490
-13,651;4868,057
-13,641;3785,957
-13,631;2972,198
-13,621;2354,663
-13,611;1881,893
-13,601;1516,849
-13,591;1232,644
-13,581;1009,597
-13,571;833,184
-13,561;692,606
-13,551;579,770
-13,541;488,564
-13,531;414,344
-13,521;353,552
-13,511;303,446
-13,501;261,898
-13,491;227,245
-13,481;198,181
-13,471;173,675
-13,461;152,904
-13,451;135,213
-13,441;120,072
-13,431;107,056
-13,421;95,817
-13,411;86,073
-13,401;77,589
-13,391;70,176
-13,381;63,674
-13,371;57,951
-13,361;52,896
-13,351;48,418
-13,341;44,438
-13,331;40,891
-13,321;37,719
-13,311;34,877
-13,301;32,323
-13,291;30,022
-13,281;27,943
-13,271;26,063
-13,261;24,357
-13,251;22,806
-13,241;21,393
-13,231;20,104
-13,221;18,926
-13,211;17,846
-13,201;16,856
-13,191;15,946
-13,181;15,108
-13,171;14,336
-13,161;13,624
-13,151;12,965
-13,141;12,355
-13,131;11,790
-13,121;11,266
-13,111;10,779
-13,101;10,326
-13,091;9,904
-13,081;9,511
-13,071;9,144
-13,061;8,802
-13,051;8,482
-13,041;8,183
-13,031;7,903
-13,021;7,641
-13,011;7,395
-13,001;7,165
-12,991;6,949
-12,981;6,746
-12,971;6,555
-12,961;6,376
-12,951;6,207
-12,941;6,049
-12,931;5,900
-12,921;5,760
-12,911;5,628
-12,901;5,504
-12,891;5,387
-12,881;5,277
-12,871;5,174
-12,861;5,077
-12,851;4,985
-12,841;4,900
-12,831;4,819
-12,821;4,743
-12,811;4,673
-12,801;4,606
-12,791;4,544
-12,781;4,486
-12,771;4,432
-12,761;4,382
-12,751;4,335
-12,741;4,292
-12,731;4,253
-12,721;4,216
-12,711;4,183
-12,701;4,152
-12,691;4,125
-12,681;4,100
-12,671;4,078
-12,661;4,059
-12,651;4,042
-12,641;4,028
-12,631;4,017
-12,621;4,007
-12,611;4,001
-12,601;3,997
-12,591;3,995
-12,581;3,995
-12,571;3,998
-12,561;4,003
-12,551;4,010
-12,541;4,020
-12,531;4,032
-12,521;4,046
-12,511;4,063
-12,501;4,082
-12,491;4,103
-12,481;4,126
-12,471;4,152
-12,461;4,181
-12,451;4,212
-12,441;4,245
-12,431;4,281
-12,421;4,319
-12,411;4,360
-12,401;4,404
-12,391;4,451
-12,381;4,501
-12,371;4,553
-12,361;4,609
-12,351;4,668
-12,341;4,730
-12,331;4,795
-12,321;4,865
-12,311;4,938
-12,301;5,015
-12,291;5,096
-12,281;5,181
-12,271;5,271
-12,261;5,366
-12,251;5,466
-12,241;5,571
-12,231;5,681
-12,221;5,798
-12,211;5,921
-12,201;6,051
-12,191;6,188
-12,181;6,332
-12,171;6,485
-12,161;6,646
-12,151;6,817
-12,141;6,998
-12,131;7,189
-12,121;7,393
-12,111;7,608
-12,101;7,837
-12,091;8,080
-12,081;8,339
-12,071;8,614
-12,061;8,908
-12,051;9,222
-12,041;9,556
-12,031;9,914
-12,021;10,297
-12,011;10,707
-12,001;11,147
-11,991;11,619
-11,981;12,126
-11,971;12,671
-11,961;13,258
-11,951;13,890
-11,941;14,572
-11,931;15,308
-11,921;16,104
-11,911;16,963
-11,901;17,894
-11,891;18,902
-11,881;19,994
-11,871;21,179
-11,861;22,466
-11,851;23,864
-11,841;25,383
-11,831;27,036
-11,821;28,835
-11,811;30,795
-11,801;32,930
-11,791;35,257
-11,781;37,796
-11,771;40,567
-11,761;43,591
-11,751;46,894
-11,741;50,503
-11,731;54,448
-11,721;58,762
-11,711;63,481
-11,701;68,647
-11,691;74,306
-11,681;80,509
-11,671;87,314
-11,661;94,789
-11,651;103,011
-11,641;112,071
-11,631;122,076
-11,621;133,156
-11,611;145,468
-11,601;159,208
-11,591;174,620
-11,581;192,019
-11,571;211,811
-11,561;234,528
-11,551;260,880
-11,541;291,824
-11,531;328,670
-11,521;373,227
-11,511;428,040
-11,501;496,722
-11,491;584,493
-11,481;698,994
-11,471;851,591
-11,461;1059,467
-11,451;1349,015
-11,441;1761,444
-11,431;2362,157
-11,421;3256,602
-11,411;4617,419
-11,401;6731,464
-11,391;10082,144
-11,381;15495,189
-11,371;24399,583
-11,361;39299,760
-11,351;64639,872
-11,341;108404,159
-11,331;185116,639
-11,321;321535,970
-11,311;567614,232
-11,301;1017890,916
-11,291;1853905,989
-11,281;3429681,449
-11,271;6447091,511
-11,261;12322605,212
-11,251;23970307,348
-11,241;47511746,192
-11,231;96102171,595
-11,221;198724449,059
-11,211;420999316,796
-11,201;916035606,379
-11,191;2053147437,691
-11,181;4756639093,466
-11,171;11436958777,093
-11,161;28676673305,401
-11,151;75409821173,127
-11,141;209401009045,093
-11,131;619140712569,028
-11,121;1969240534700,496
-11,111;6824208192092,559
-11,101;26187981692986,800
-11,091;113660221234352,380
-11,081;573820916967280,800
-11,071;3502485521972855,000
-11,061;27312146923003156,000
-11,051;295550890991403970,000
-11,041;5066474879140853800,000
-11,031;173545079525417980000,000
-11,021;18949450159508557000000,000
-11,011;21684851766681648000000000,000
-11,001;51051126498855350000000000000000,000
-10,991;579757875677713900000000000000000,000
-10,981;54155715724718920000000000,000
-10,971;37312512488867312000000,000
-10,961;323152989915053700000,000
-10,951;9479483486346078000,000
-10,941;571204570140576190,000
-10,931;55346444810775296,000
-10,921;7509510288520587,000
-10,911;1309432413405003,200
-10,901;277186380483528,300
-10,891;68457450445648,664
-10,881;19164841293614,540
-10,871;5951735349767,079
-10,861;2016610811155,142
-10,851;735817896549,892
-10,841;286118575401,126
-10,831;117557297374,667
-10,821;50678374752,467
-10,811;22787816768,553
-10,801;10634451857,406
-10,791;5128518080,198
-10,781;2546296719,971
-10,771;1297288689,729
-10,761;676238662,160
-10,751;359703521,528
-10,741;194763931,772
-10,731;107101320,925
-10,721;59682419,783
-10,711;33629338,071
-10,701;19118158,982
-10,691;10939715,599
-10,681;6284360,196
-10,671;3613104,385
-10,661;2071158,929
-10,651;1177803,473
-10,641;659685,535
-10,631;359861,596
-10,621;187478,929
-10,611;89587,543
-10,601;35167,620
-10,591;5984,664
-10,581;-8694,956
-10,571;-15182,751
-10,561;-17174,512
-10,551;-16816,447
-10,541;-15337,335
-10,531;-13424,592
-10,521;-11448,337
-10,511;-9594,890
-10,501;-7946,084
-10,491;-6526,143
-10,481;-5329,107
-10,471;-4334,642
-10,461;-3516,926
-10,451;-2849,451
-10,441;-2307,443
-10,431;-1868,917
-10,421;-1514,985
-10,411;-1229,763
-10,401;-1000,089
-10,391;-815,174
-10,381;-666,244
-10,371;-546,200
-10,361;-449,325
-10,351;-371,028
-10,341;-307,632
-10,331;-256,193
-10,321;-214,356
-10,311;-180,241
-10,301;-152,345
-10,291;-129,465
-10,281;-110,640
-10,271;-95,099
-10,261;-82,225
-10,251;-71,521
-10,241;-62,588
-10,231;-55,104
-10,221;-48,811
-10,211;-43,496
-10,201;-38,991
-10,191;-35,157
-10,181;-31,879
-10,171;-29,067
-10,161;-26,643
-10,151;-24,546
-10,141;-22,724
-10,131;-21,135
-10,121;-19,742
-10,111;-18,518
-10,101;-17,436
-10,091;-16,478
-10,081;-15,624
-10,071;-14,862
-10,061;-14,178
-10,051;-13,562
-10,041;-13,006
-10,031;-12,502
-10,021;-12,043
-10,011;-11,625
-10,001;-11,242
-9,991;-10,891
-9,981;-10,569
-9,971;-10,271
-9,961;-9,997
-9,951;-9,744
-9,941;-9,510
-9,931;-9,294
-9,921;-9,094
-9,911;-8,910
-9,901;-8,740
-9,891;-8,584
-9,881;-8,442
-9,871;-8,312
-9,861;-8,195
-9,851;-8,090
-9,841;-7,997
-9,831;-7,916
-9,821;-7,847
-9,811;-7,791
-9,801;-7,746
-9,791;-7,715
-9,781;-7,697
-9,771;-7,692
-9,761;-7,702
-9,751;-7,727
-9,741;-7,767
-9,731;-7,824
-9,721;-7,899
-9,711;-7,993
-9,701;-8,108
-9,691;-8,245
-9,681;-8,407
-9,671;-8,595
-9,661;-8,814
-9,651;-9,066
-9,641;-9,356
-9,631;-9,688
-9,621;-10,068
-9,611;-10,504
-9,601;-11,005
-9,591;-11,581
-9,581;-12,247
-9,571;-13,021
-9,561;-13,924
-9,551;-14,989
-9,541;-16,256
-9,531;-17,781
-9,521;-19,644
-9,511;-21,962
-9,501;-24,914
-9,491;-28,786
-9,481;-34,069
-9,471;-41,676
-9,461;-53,534
-9,451;-74,502
-9,441;-121,432
-9,431;-319,494
-9,421;531,416
-9,411;147,281
-9,401;86,323
-9,391;61,513
-9,381;48,080
-9,371;39,679
-9,361;33,944
-9,351;29,792
-9,341;26,658
-9,331;24,217
-9,321;22,271
-9,311;20,690
-9,301;19,387
-9,291;18,302
-9,281;17,391
-9,271;16,622
-9,261;15,971
-9,251;15,420
-9,241;14,954
-9,231;14,564
-9,221;14,239
-9,211;13,975
-9,201;13,765
-9,191;13,607
-9,181;13,496
-9,171;13,433
-9,161;13,415
-9,151;13,441
-9,141;13,513
-9,131;13,631
-9,121;13,796
-9,111;14,011
-9,101;14,279
-9,091;14,602
-9,081;14,984
-9,071;15,432
-9,061;15,950
-9,051;16,545
-9,041;17,225
-9,031;17,999
-9,021;18,878
-9,011;19,873
-9,001;20,999
-8,991;22,271
-8,981;23,708
-8,971;25,330
-8,961;27,162
-8,951;29,231
-8,941;31,569
-8,931;34,214
-8,921;37,208
-8,911;40,599
-8,901;44,444
-8,891;48,809
-8,881;53,768
-8,871;59,411
-8,861;65,837
-8,851;73,165
-8,841;81,533
-8,831;91,099
-8,821;102,049
-8,811;114,599
-8,801;129,004
-8,791;145,559
-8,781;164,611
-8,771;186,568
-8,761;211,906
-8,751;241,190
-8,741;275,083
-8,731;314,367
-8,721;359,970
-8,711;412,988
-8,701;474,724
-8,691;546,727
-8,681;630,840
-8,671;729,265
-8,661;844,637
-8,651;980,110
-8,641;1139,476
-8,631;1327,299
-8,621;1549,085
-8,611;1811,492
-8,601;2122,596
-8,591;2492,207
-8,581;2932,286
-8,571;3457,443
-8,561;4085,582
-8,551;4838,704
-8,541;5743,923
-8,531;6834,759
-8,521;8152,785
-8,511;9749,725
-8,501;11690,157
-8,491;14054,991
-8,481;16945,963
-8,471;20491,485
-8,461;24854,269
-8,451;30241,325
-8,441;36917,129
-8,431;45221,047
-8,421;55590,512
-8,411;68592,010
-8,401;84962,736
-8,391;105666,902
-8,381;131972,300
-8,371;165555,032
-8,361;208643,686
-8,351;264219,089
-8,341;336292,984
-8,331;430299,537
-8,321;553649,518
-8,311;716520,501
-8,301;932993,450
-8,291;1222700,226
-8,281;1613233,648
-8,271;2143705,198
-8,261;2870047,774
-8,251;3872999,621
-8,241;5270254,351
-8,231;7235150,564
-8,221;10025781,517
-8,211;14030865,569
-8,201;19843003,892
-8,191;28377287,228
-8,181;41066145,593
-8,171;60184433,549
-8,161;89400764,325
-8,151;134728999,758
-8,141;206201115,685
-8,131;320867268,798
-8,121;508291416,332
-8,111;820850105,178
-8,101;1353510480,385
-8,091;2282827720,755
-8,081;3946063569,245
-8,071;7006747864,898
-8,061;12812997945,534
-8,051;24202096739,767
-8,041;47381585854,319
-8,031;96527548404,700
-8,021;205593773503,742
-8,011;460355328315,431
-8,001;1090895461997,526
-7,991;2757849106278,029
-7,981;7511716604428,147
-7,971;22316548183060,830
-7,961;73451896162455,330
-7,951;273294222993648,440
-7,941;1180693770785295,800
-7,931;6143560774669969,000
-7,921;40553720426610624,000
-7,911;366863011192591230,000
-7,901;5139282190026813400,000
-7,891;137633384092940530000,000
-7,881;10647433572496718000000,000
-7,871;6479304294351601000000000,000
-7,861;1482485638587636200000000000000,000
-7,851;223789981933116370000000000000000000,000
-7,841;239653541799488670000000000,000
-7,831;76011602293361960000000,000
-7,821;455486778630086800000,000
-7,811;10531006622166856000,000
-7,801;530770394184454850,000
-7,791;44463057403276872,000
-7,781;5326666514758424,000
-7,771;832311648328361,900
-7,761;159667741042742,280
-7,751;36062927100622,600
-7,741;9304789995283,273
-7,731;2681596576351,918
-7,721;848518972846,495
-7,711;290859596576,678
-7,701;106861750284,099
-7,691;41718711139,076
-7,681;17184607071,956
-7,671;7425144238,499
-7,661;3348862630,316
-7,651;1570068720,336
-7,641;762497580,802
-7,631;382424301,136
-7,621;197564770,420
-7,611;104894170,245
-7,601;57124023,697
-7,591;31854228,345
-7,581;18161140,918
-7,571;10572368,393
-7,561;6276933,226
-7,551;3796820,672
-7,541;2337716,441
-7,531;1463889,675
-7,521;931650,854
-7,511;602202,755
-7,501;395113,366
-7,491;263002,071
-7,481;177518,999
-7,471;121446,780
-7,461;84179,151
-7,451;59092,771
-7,441;41997,075
-7,431;30207,157
-7,421;21981,861
-7,411;16178,675
-7,401;12039,551
-7,391;9055,921
-7,381;6882,992
-7,371;5284,595
-7,361;4097,354
-7,351;3207,154
-7,341;2533,538
-7,331;2019,262
-7,321;1623,238
-7,311;1315,715
-7,301;1074,976
-7,291;885,035
-7,281;734,033
-7,271;613,106
-7,261;515,576
-7,251;436,377
-7,241;371,640
-7,231;318,387
-7,221;274,312
-7,211;237,620
-7,201;206,900
-7,191;181,040
-7,181;159,158
-7,171;140,548
-7,161;124,646
-7,151;110,994
-7,141;99,223
-7,131;89,029
-7,121;80,167
-7,111;72,432
-7,101;65,655
-7,091;59,696
-7,081;54,440
-7,071;49,787
-7,061;45,656
-7,051;41,977
-7,041;38,692
-7,031;35,749
-7,021;33,107
-7,011;30,729
-7,001;28,583
-6,991;26,642
-6,981;24,882
-6,971;23,284
-6,961;21,829
-6,951;20,502
-6,941;19,290
-6,931;18,180
-6,921;17,162
-6,911;16,228
-6,901;15,368
-6,891;14,576
-6,881;13,845
-6,871;13,169
-6,861;12,544
-6,851;11,966
-6,841;11,429
-6,831;10,930
-6,821;10,467
-6,811;10,035
-6,801;9,633
-6,791;9,259
-6,781;8,909
-6,771;8,582
-6,761;8,276
-6,751;7,991
-6,741;7,723
-6,731;7,472
-6,721;7,237
-6,711;7,016
-6,701;6,809
-6,691;6,614
-6,681;6,432
-6,671;6,260
-6,661;6,098
-6,651;5,946
-6,641;5,803
-6,631;5,669
-6,621;5,542
-6,611;5,423
-6,601;5,311
-6,591;5,206
-6,581;5,107
-6,571;5,014
-6,561;4,926
-6,551;4,844
-6,541;4,767
-6,531;4,695
-6,521;4,627
-6,511;4,564
-6,501;4,504
-6,491;4,449
-6,481;4,398
-6,471;4,350
-6,461;4,306
-6,451;4,265
-6,441;4,227
-6,431;4,193
-6,421;4,161
-6,411;4,133
-6,401;4,107
-6,391;4,085
-6,381;4,065
-6,371;4,047
-6,361;4,032
-6,351;4,020
-6,341;4,010
-6,331;4,003
-6,321;3,998
-6,311;3,995
-6,301;3,995
-6,291;3,997
-6,281;4,001
-6,271;4,008
-6,261;4,017
-6,251;4,028
-6,241;4,041
-6,231;4,057
-6,221;4,075
-6,211;4,096
-6,201;4,119
-6,191;4,144
-6,181;4,171
-6,171;4,202
-6,161;4,234
-6,151;4,269
-6,141;4,307
-6,131;4,347
-6,121;4,390
-6,111;4,436
-6,101;4,484
-6,091;4,536
-6,081;4,591
-6,071;4,649
-6,061;4,710
-6,051;4,774
-6,041;4,842
-6,031;4,914
-6,021;4,990
-6,011;5,070
-6,001;5,153
-5,991;5,242
-5,981;5,335
-5,971;5,433
-5,961;5,537
-5,951;5,645
-5,941;5,760
-5,931;5,881
-5,921;6,009
-5,911;6,143
-5,901;6,285
-5,891;6,435
-5,881;6,594
-5,871;6,762
-5,861;6,939
-5,851;7,127
-5,841;7,327
-5,831;7,538
-5,821;7,762
-5,811;8,001
-5,801;8,255
-5,791;8,525
-5,781;8,813
-5,771;9,120
-5,761;9,447
-5,751;9,798
-5,741;10,172
-5,731;10,574
-5,721;11,004
-5,711;11,465
-5,701;11,961
-5,691;12,493
-5,681;13,067
-5,671;13,684
-5,661;14,350
-5,651;15,068
-5,641;15,844
-5,631;16,682
-5,621;17,589
-5,611;18,572
-5,601;19,637
-5,591;20,791
-5,581;22,045
-5,571;23,406
-5,561;24,885
-5,551;26,494
-5,541;28,246
-5,531;30,152
-5,521;32,230
-5,511;34,494
-5,501;36,963
-5,491;39,658
-5,481;42,599
-5,471;45,810
-5,461;49,319
-5,451;53,153
-5,441;57,346
-5,431;61,932
-5,421;66,951
-5,411;72,447
-5,401;78,471
-5,391;85,077
-5,381;92,331
-5,371;100,306
-5,361;109,088
-5,351;118,779
-5,341;129,501
-5,331;141,402
-5,321;154,662
-5,311;169,512
-5,301;186,239
-5,291;205,217
-5,281;226,935
-5,271;252,039
-5,261;281,398
-5,251;316,195
-5,241;358,060
-5,231;409,274
-5,221;473,061
-5,211;554,059
-5,201;659,022
-5,191;797,950
-5,181;985,881
-5,171;1245,792
-5,161;1613,378
-5,151;2144,996
-5,141;2931,056
-5,131;4118,872
-5,121;5952,079
-5,111;8839,436
-5,101;13476,207
-5,091;21060,656
-5,081;33684,489
-5,071;55044,857
-5,061;91757,852
-5,051;155810,818
-5,041;269198,752
-5,031;472807,131
-5,021;843672,118
-5,011;1529027,382
-5,001;2814555,372
-4,991;5263598,756
-4,981;10006467,479
-4,971;19353950,938
-4,961;38127178,422
-4,951;76609746,753
-4,941;157273457,054
-4,931;330542368,831
-4,921;712908626,572
-4,911;1582300280,813
-4,901;3625882039,755
-4,891;8611466384,561
-4,881;21293535829,630
-4,871;55114150452,407
-4,861;150287297570,675
-4,851;435123236198,765
-4,841;1350461417940,695
-4,831;4546618960036,141
-4,821;16855819252947,012
-4,811;70157316267047,490
-4,801;336327659249689,250
-4,791;1922728160403152,800
-4,781;13766273381327342,000
-4,771;132687691979607808,000
-4,761;1927719800370121980,000
-4,751;51139888221885340000,000
-4,741;3574705724026087000000,000
-4,731;1543589048560100800000000,000
-4,721;78304841868228825000000000000,000
-4,711;10105479989813961000000000000000000000000,000
-4,701;1690847633334917200000000000,000
-4,691;257860438646226950000000,000
-4,681;1238688214096564700000,000
-4,671;26539983963035255000,000
-4,661;1315821346119958530,000
-4,651;111646243437774848,000
-4,641;13760806054405804,000
-4,631;2231317793847037,200
-4,621;446256101651783,600
-4,611;105305163751671,670
-4,601;28401356141558,820
-4,591;8550622943709,863
-4,581;2822293613655,958
-4,571;1007032532394,578
-4,561;384110409192,392
-4,551;155201902078,294
-4,541;65935887103,959
-4,531;29270035919,755
-4,521;13505571218,849
-4,511;6448116800,371
-4,501;3173125432,025
-4,491;1603943062,996
-4,481;830267376,181
-4,471;438919290,097
-4,461;236374436,868
-4,451;129375111,877
-4,441;71807279,246
-4,431;40328122,300
-4,421;22867300,582
-4,411;13061390,587
-4,401;7496140,610
-4,391;4310242,893
-4,381;2474289,565
-4,371;1411560,791
-4,361;795218,004
-4,351;438156,298
-4,341;232329,539
-4,331;114892,152
-4,321;49081,095
-4,311;13304,845
-4,301;-5143,829
-4,291;-13741,733
-4,281;-16874,546
-4,271;-17097,224
-4,261;-15880,356
-4,251;-14053,762
-4,241;-12070,729
-4,231;-10165,472
-4,221;-8446,795
-4,211;-6953,561
-4,201;-5687,272
-4,191;-4630,949
-4,181;-3759,842
-4,171;-3047,314
-4,161;-2467,870
-4,151;-1998,581
-4,141;-1619,566
-4,131;-1314,009
-4,121;-1067,918
-4,111;-869,788
-4,101;-710,239
-4,091;-581,675
-4,081;-477,967
-4,071;-394,192
-4,061;-326,401
-4,051;-271,434
-4,041;-226,763
-4,031;-190,368
-4,021;-160,634
-4,011;-136,272
-4,001;-116,247
-3,991;-99,734
-3,981;-86,069
-3,971;-74,721
-3,961;-65,262
-3,951;-57,348
-3,941;-50,700
-3,931;-45,094
-3,921;-40,348
-3,911;-36,313
-3,901;-32,869
-3,891;-29,917
-3,881;-27,377
-3,871;-25,182
-3,861;-23,277
-3,851;-21,618
-3,841;-20,166
-3,831;-18,891
-3,821;-17,767
-3,811;-16,771
-3,801;-15,886
-3,791;-15,096
-3,781;-14,388
-3,771;-13,752
-3,761;-13,177
-3,751;-12,657
-3,741;-12,185
-3,731;-11,754
-3,721;-11,361
-3,711;-11,000
-3,701;-10,669
-3,691;-10,364
-3,681;-10,082
-3,671;-9,823
-3,661;-9,583
-3,651;-9,361
-3,641;-9,156
-3,631;-8,967
-3,621;-8,793
-3,611;-8,633
-3,601;-8,486
-3,591;-8,352
-3,581;-8,231
-3,571;-8,122
-3,561;-8,025
-3,551;-7,940
-3,541;-7,868
-3,531;-7,807
-3,521;-7,759
-3,511;-7,724
-3,501;-7,701
-3,491;-7,692
-3,481;-7,697
-3,471;-7,717
-3,461;-7,752
-3,451;-7,804
-3,441;-7,873
-3,431;-7,961
-3,421;-8,069
-3,411;-8,199
-3,401;-8,352
-3,391;-8,532
-3,381;-8,741
-3,371;-8,982
-3,361;-9,259
-3,351;-9,577
-3,341;-9,942
-3,331;-10,359
-3,321;-10,838
-3,311;-11,389
-3,301;-12,024
-3,291;-12,761
-3,281;-13,621
-3,271;-14,630
-3,261;-15,827
-3,251;-17,263
-3,241;-19,007
-3,231;-21,165
-3,221;-23,890
-3,211;-27,429
-3,201;-32,190
-3,191;-38,915
-3,181;-49,099
-3,171;-66,269
-3,161;-101,225
-3,151;-210,683
-3,141;3376,531
-3,131;190,904
-3,121;99,305
-3,111;67,649
-3,101;51,636
-3,091;41,991
-3,081;35,562
-3,071;30,984
-3,061;27,569
-3,051;24,933
-3,041;22,846
-3,031;21,159
-3,021;19,776
-3,011;18,627
-3,001;17,665
-2,991;16,853
-2,981;16,167
-2,971;15,586
-2,961;15,094
-2,951;14,680
-2,941;14,336
-2,931;14,053
-2,921;13,826
-2,911;13,652
-2,901;13,526
-2,891;13,448
-2,881;13,415
-2,871;13,428
-2,861;13,485
-2,851;13,588
-2,841;13,738
-2,831;13,937
-2,821;14,188
-2,811;14,492
-2,801;14,856
-2,791;15,282
-2,781;15,777
-2,771;16,346
-2,761;16,999
-2,751;17,742
-2,741;18,586
-2,731;19,543
-2,721;20,626
-2,711;21,849
-2,701;23,231
-2,691;24,792
-2,681;26,554
-2,671;28,544
-2,661;30,793
-2,651;33,336
-2,641;36,213
-2,631;39,472
-2,621;43,166
-2,611;47,358
-2,601;52,119
-2,591;57,533
-2,581;63,698
-2,571;70,725
-2,561;78,746
-2,551;87,911
-2,541;98,398
-2,531;110,413
-2,521;124,198
-2,511;140,033
-2,501;158,248
-2,491;179,231
-2,481;203,436
-2,471;231,396
-2,461;263,742
-2,451;301,216
-2,441;344,696
-2,431;395,221
-2,421;454,025
-2,411;522,572
-2,401;602,607
-2,391;696,210
-2,381;805,868
-2,371;934,559
-2,361;1085,860
-2,351;1264,069
-2,341;1474,374
-2,331;1723,039
-2,321;2017,656
-2,311;2367,445
-2,301;2783,630
-2,291;3279,915
-2,281;3873,077
-2,271;4583,712
-2,261;5437,180
-2,251;6464,801
-2,241;7705,378
-2,231;9207,141
-2,221;11030,238
-2,211;13249,942
-2,201;15960,792
-2,191;19281,972
-2,181;23364,309
-2,171;28399,444
-2,161;34631,886
-2,151;42374,939
-2,141;52031,859
-2,131;64124,079
-2,121;79329,101
-2,111;98531,615
-2,101;122892,879
-2,091;153945,441
-2,081;193723,266
-2,071;244941,652
-2,061;311247,678
-2,051;397571,253
-2,041;510620,802
-2,031;659588,530
-2,021;857161,619
-2,011;1120984,847
-2,001;1475793,434
-1,991;1956552,479
-1,981;2613121,666
-1,971;3517255,610
-1,961;4773219,572
-1,951;6534066,498
-1,941;9026875,215
-1,931;12592387,014
-1,921;17748019,177
-1,911;25289440,236
-1,901;36456650,361
-1,891;53209681,101
-1,881;78693687,424
-1,871;118037061,502
-1,861;179746178,824
-1,851;278190584,819
-1,841;438124052,369
-1,831;703094357,122
-1,821;1151465033,111
-1,811;1927735116,621
-1,801;3305490669,491
-1,791;5817806901,412
-1,781;10536371914,924
-1,771;19690704726,397
-1,761;38096768045,510
-1,751;76598299417,267
-1,741;160761885103,137
-1,731;354045028356,970
-1,721;823310743080,283
-1,711;2036941408184,911
-1,701;5411404339239,315
-1,691;15614421590174,940
-1,681;49646539635379,060
-1,671;177194705313779,380
-1,661;727454615127156,600
-1,651;3550520016896889,500
-1,641;21577032245629680,000
-1,631;174696792397415232,000
-1,621;2092451489674501380,000
-1,611;44172774687322595000,000
-1,601;2280065919630310400000,000
-1,591;597949880219351040000000,000
-1,581;8016962457110716000000000000,000
-1,571;4736484947108211500000000000000000000000000000000000,000
-1,561;12577754545107306000000000000,000
-1,551;625609182742297700000000,000
-1,541;1924252274164318000000,000
-1,531;31539733293119336000,000
-1,521;1288542512919808510,000
-1,511;93694937587412032,000
-1,501;10137124133874700,000
-1,491;1466737707823711,000
-1,481;264962873183548,840
-1,471;57024686138955,734
-1,461;14141328614943,062
-1,451;3942554386063,626
-1,441;1212883898410,790
-1,431;405811031539,782
-1,421;145986837825,438
-1,411;55948013835,926
-1,401;22670977180,787
-1,391;9653234029,606
-1,381;4296763708,092
-1,371;1990581883,947
-1,361;956266022,827
-1,351;474854985,697
-1,341;243076293,101
-1,331;127967331,123
-1,321;69141716,898
-1,311;38272660,067
-1,301;21670244,938
-1,291;12533354,727
-1,281;7395570,421
-1,271;4447443,841
-1,261;2723141,566
-1,251;1696224,151
-1,241;1074042,809
-1,231;690862,651
-1,221;451159,143
-1,211;298949,226
-1,201;200899,219
-1,191;136859,273
-1,181;94471,955
-1,171;66053,312
-1,161;46761,676
-1,151;33507,214
-1,141;24293,761
-1,131;17816,382
-1,121;13212,229
-1,111;9904,446
-1,101;7503,238
-1,091;5742,477
-1,081;4438,634
-1,071;3463,908
-1,061;2728,457
-1,051;2168,544
-1,041;1738,545
-1,031;1405,518
-1,021;1145,477
-1,011;940,813
-1,001;778,495
-0,991;648,804
-0,981;544,438
-0,971;459,870
-0,961;390,887
-0,951;334,255
-0,941;287,473
-0,931;248,599
-0,921;216,110
-0,911;188,807
-0,901;165,742
-0,891;146,157
-0,881;129,447
-0,871;115,122
-0,861;102,788
-0,851;92,121
-0,841;82,859
-0,831;74,784
-0,821;67,718
-0,811;61,513
-0,801;56,044
-0,791;51,209
-0,781;46,920
-0,771;43,104
-0,761;39,699
-0,751;36,652
-0,741;33,919
-0,731;31,460
-0,721;29,243
-0,711;27,239
-0,701;25,424
-0,691;23,777
-0,681;22,278
-0,671;20,912
-0,661;19,664
-0,651;18,523
-0,641;17,477
-0,631;16,517
-0,621;15,634
-0,611;14,821
-0,601;14,071
-0,591;13,379
-0,581;12,738
-0,571;12,145
-0,561;11,595
-0,551;11,085
-0,541;10,611
-0,531;10,169
-0,521;9,758
-0,511;9,375
-0,501;9,018
-0,491;8,684
-0,481;8,372
-0,471;8,080
-0,461;7,806
-0,451;7,550
-0,441;7,310
-0,431;7,085
-0,421;6,874
-0,411;6,675
-0,401;6,489
-0,391;6,313
-0,381;6,149
-0,371;5,994
-0,361;5,848
-0,351;5,711
-0,341;5,582
-0,331;5,461
-0,321;5,346
-0,311;5,239
-0,301;5,138
-0,291;5,043
-0,281;4,954
-0,271;4,870
-0,261;4,791
-0,251;4,717
-0,241;4,648
-0,231;4,583
-0,221;4,523
-0,211;4,466
-0,201;4,414
-0,191;4,365
-0,181;4,319
-0,171;4,278
-0,161;4,239
-0,151;4,204
-0,141;4,171
-0,131;4,142
-0,121;4,115
-0,111;4,092
-0,101;4,071
-0,091;4,052
-0,081;4,037
-0,071;4,024
-0,061;4,013
-0,051;4,005
-0,041;3,999
-0,031;3,996
-0,021;3,995
-0,011;3,996
-0,001;4,000
0,009;-11,158
0,019;-7,255
0,029;-5,326
0,039;-4,094
0,049;-3,214
0,059;-2,540
0,069;-2,003
0,079;-1,561
0,089;-1,189
0,099;-0,870
0,109;-0,593
0,119;-0,349
0,129;-0,133
0,139;0,061
0,149;0,235
0,159;0,393
0,169;0,538
0,179;0,670
0,189;0,791
0,199;0,903
0,209;1,007
0,219;1,103
0,229;1,193
0,239;1,277
0,249;1,356
0,259;1,429
0,269;1,498
0,279;1,563
0,289;1,625
0,299;1,683
0,309;1,737
0,319;1,789
0,329;1,839
0,339;1,885
0,349;1,930
0,359;1,972
0,369;2,012
0,379;2,050
0,389;2,087
0,399;2,121
0,409;2,155
0,419;2,187
0,429;2,217
0,439;2,246
0,449;2,274
0,459;2,301
0,469;2,326
0,479;2,351
0,489;2,374
0,499;2,397
0,509;2,419
0,519;2,439
0,529;2,459
0,539;2,479
0,549;2,497
0,559;2,515
0,569;2,532
0,579;2,549
0,589;2,565
0,599;2,580
0,609;2,595
0,619;2,609
0,629;2,622
0,639;2,636
0,649;2,648
0,659;2,660
0,669;2,672
0,679;2,684
0,689;2,694
0,699;2,705
0,709;2,715
0,719;2,725
0,729;2,734
0,739;2,744
0,749;2,752
0,759;2,761
0,769;2,769
0,779;2,777
0,789;2,784
0,799;2,792
0,809;2,799
0,819;2,805
0,829;2,812
0,839;2,818
0,849;2,824
0,859;2,830
0,869;2,836
0,879;2,841
0,889;2,846
0,899;2,851
0,909;2,856
0,919;2,861
0,929;2,865
0,939;2,869
0,949;2,873
0,959;2,877
0,969;2,881
0,979;2,885
0,989;2,888
0,999;2,891
1,009;2,894
1,019;2,897
1,029;2,900
1,039;2,903
1,049;2,906
1,059;2,908
1,069;2,910
1,079;2,913
1,089;2,915
1,099;2,917
1,109;2,919
1,119;2,920
1,129;2,922
1,139;2,924
1,149;2,925
1,159;2,926
1,169;2,928
1,179;2,929
1,189;2,930
1,199;2,931
1,209;2,932
1,219;2,933
1,229;2,933
1,239;2,934
1,249;2,935
1,259;2,935
1,269;2,935
1,279;2,936
1,289;2,936
1,299;2,936
1,309;2,936
1,319;2,937
1,329;2,937
1,339;2,936
1,349;2,936
1,359;2,936
1,369;2,936
1,379;2,936
1,389;2,935
1,399;2,935
1,409;2,934
1,419;2,934
1,429;2,933
1,439;2,933
1,449;2,932
1,459;2,931
1,469;2,931
1,479;2,930
1,489;2,929
1,499;2,928
1,509;2,927
1,519;2,926
1,529;2,925
1,539;2,924
1,549;2,923
1,559;2,922
1,569;2,920
1,579;2,919
1,589;2,918
1,599;2,917
1,609;2,915
1,619;2,914
1,629;2,912
1,639;2,911
1,649;2,910
1,659;2,908
1,669;2,906
1,679;2,905
1,689;2,903
1,699;2,902
1,709;2,900
1,719;2,898
1,729;2,897
1,739;2,895
1,749;2,893
1,759;2,891
1,769;2,889
1,779;2,888
1,789;2,886
1,799;2,884
1,809;2,882
1,819;2,880
1,829;2,878
1,839;2,876
1,849;2,874
1,859;2,872
1,869;2,870
1,879;2,868
1,889;2,865
1,899;2,863
1,909;2,861
1,919;2,859
1,929;2,857
1,939;2,855
1,949;2,852
1,959;2,850
1,969;2,848
1,979;2,846
1,989;2,843
1,999;2,841
2,009;2,839
2,019;2,836
2,029;2,834
2,039;2,832
2,049;2,829
2,059;2,827
2,069;2,824
2,079;2,822
2,089;2,819
2,099;2,817
2,109;2,814
2,119;2,812
2,129;2,809
2,139;2,807
2,149;2,804
2,159;2,802
2,169;2,799
2,179;2,797
2,189;2,794
2,199;2,792
2,209;2,789
2,219;2,786
2,229;2,784
2,239;2,781
2,249;2,778
2,259;2,776
2,269;2,773
2,279;2,770
2,289;2,768
2,299;2,765
2,309;2,762
2,319;2,759
2,329;2,757
2,339;2,754
2,349;2,751
2,359;2,749
2,369;2,746
2,379;2,743
2,389;2,740
2,399;2,737
2,409;2,735
2,419;2,732
2,429;2,729
2,439;2,726
2,449;2,723
2,459;2,720
2,469;2,718
2,479;2,715
2,489;2,712
2,499;2,709
2,509;2,706
2,519;2,703
2,529;2,700
2,539;2,697
2,549;2,695
2,559;2,692
2,569;2,689
2,579;2,686
2,589;2,683
2,599;2,680
2,609;2,677
2,619;2,674
2,629;2,671
2,639;2,668
2,649;2,665
2,659;2,662
2,669;2,659
2,679;2,656
2,689;2,653
2,699;2,650
2,709;2,647
2,719;2,644
2,729;2,641
2,739;2,638
2,749;2,635
2,759;2,632
2,769;2,629
2,779;2,626
2,789;2,623
2,799;2,620
2,809;2,617
2,819;2,614
2,829;2,611
2,839;2,608
2,849;2,605
2,859;2,602
2,869;2,599
2,879;2,596
2,889;2,593
2,899;2,590
2,909;2,587
2,919;2,584
2,929;2,581
2,939;2,578
2,949;2,575
2,959;2,572
2,969;2,569
2,979;2,566
2,989;2,562
2,999;2,559
3,009;2,556
3,019;2,553
3,029;2,550
3,039;2,547
3,049;2,544
3,059;2,541
3,069;2,538
3,079;2,535
3,089;2,532
3,099;2,528
3,109;2,525
3,119;2,522
3,129;2,519
3,139;2,516
3,149;2,513
3,159;2,510
3,169;2,507
3,179;2,504
3,189;2,500
3,199;2,497
3,209;2,494
3,219;2,491
3,229;2,488
3,239;2,485
3,249;2,482
3,259;2,479
3,269;2,476
3,279;2,472
3,289;2,469
3,299;2,466
3,309;2,463
3,319;2,460
3,329;2,457
3,339;2,454
3,349;2,451
3,359;2,447
3,369;2,444
3,379;2,441
3,389;2,438
3,399;2,435
3,409;2,432
3,419;2,429
3,429;2,425
3,439;2,422
3,449;2,419
3,459;2,416
3,469;2,413
3,479;2,410
3,489;2,407
3,499;2,403
3,509;2,400
3,519;2,397
3,529;2,394
3,539;2,391
3,549;2,388
3,559;2,385
3,569;2,382
3,579;2,378
3,589;2,375
3,599;2,372
3,609;2,369
3,619;2,366
3,629;2,363
3,639;2,360
3,649;2,356
3,659;2,353
3,669;2,350
3,679;2,347
3,689;2,344
3,699;2,341
3,709;2,338
3,719;2,334
3,729;2,331
3,739;2,328
3,749;2,325
3,759;2,322
3,769;2,319
3,779;2,316
3,789;2,312
3,799;2,309
3,809;2,306
3,819;2,303
3,829;2,300
3,839;2,297
3,849;2,294
3,859;2,291
3,869;2,287
3,879;2,284
3,889;2,281
3,899;2,278
3,909;2,275
3,919;2,272
3,929;2,269
3,939;2,265
3,949;2,262
3,959;2,259
3,969;2,256
3,979;2,253
3,989;2,250
3,999;2,247
4,009;2,244
4,019;2,240
4,029;2,237
4,039;2,234
4,049;2,231
4,059;2,228
4,069;2,225
4,079;2,222
4,089;2,219
4,099;2,216
4,109;2,212
4,119;2,209
4,129;2,206
4,139;2,203
4,149;2,200
4,159;2,197
4,169;2,194
4,179;2,191
4,189;2,188
4,199;2,184
4,209;2,181
4,219;2,178
4,229;2,175
4,239;2,172
4,249;2,169
4,259;2,166
4,269;2,163
4,279;2,160
4,289;2,156
4,299;2,153
4,309;2,150
4,319;2,147
4,329;2,144
4,339;2,141
4,349;2,138
4,359;2,135
4,369;2,132
4,379;2,129
4,389;2,126
4,399;2,122
4,409;2,119
4,419;2,116
4,429;2,113
4,439;2,110
4,449;2,107
4,459;2,104
4,469;2,101
4,479;2,098
4,489;2,095
4,499;2,092
4,509;2,089
4,519;2,086
4,529;2,082
4,539;2,079
4,549;2,076
4,559;2,073
4,569;2,070
4,579;2,067
4,589;2,064
4,599;2,061
4,609;2,058
4,619;2,055
4,629;2,052
4,639;2,049
4,649;2,046
4,659;2,043
4,669;2,040
4,679;2,037
4,689;2,034
4,699;2,031
4,709;2,027
4,719;2,024
4,729;2,021
4,739;2,018
4,749;2,015
4,759;2,012
4,769;2,009
4,779;2,006
4,789;2,003
4,799;2,000
4,809;1,997
4,819;1,994
4,829;1,991
4,839;1,988
4,849;1,985
4,859;1,982
4,869;1,979
4,879;1,976
4,889;1,973
4,899;1,970
4,909;1,967
4,919;1,964
4,929;1,961
4,939;1,958
4,949;1,955
4,959;1,952
4,969;1,949
4,979;1,946
4,989;1,943
4,999;1,940
5,009;1,937
5,019;1,934
5,029;1,931
5,039;1,928
5,049;1,925
5,059;1,922
5,069;1,919
5,079;1,916
5,089;1,913
5,099;1,910
5,109;1,907
5,119;1,904
5,129;1,901
5,139;1,898
5,149;1,895
5,159;1,892
5,169;1,889
5,179;1,886
5,189;1,883
5,199;1,880
5,209;1,877
5,219;1,874
5,229;1,871
5,239;1,868
5,249;1,865
5,259;1,862
5,269;1,859
5,279;1,856
5,289;1,853
5,299;1,850
5,309;1,847
5,319;1,844
5,329;1,841
5,339;1,838
5,349;1,836
5,359;1,833
5,369;1,830
5,379;1,827
5,389;1,824
5,399;1,821
5,409;1,818
5,419;1,815
5,429;1,812
5,439;1,809
5,449;1,806
5,459;1,803
5,469;1,800
5,479;1,797
5,489;1,794
5,499;1,791
5,509;1,789
5,519;1,786
5,529;1,783
5,539;1,780
5,549;1,777
5,559;1,774
5,569;1,771
5,579;1,768
5,589;1,765
5,599;1,762
5,609;1,759
5,619;1,756
5,629;1,754
5,639;1,751
5,649;1,748
5,659;1,745
5,669;1,742
5,679;1,739
5,689;1,736
5,699;1,733
5,709;1,730
5,719;1,727
5,729;1,725
5,739;1,722
5,749;1,719
5,759;1,716
5,769;1,713
5,779;1,710
5,789;1,707
5,799;1,704
5,809;1,701
5,819;1,699
5,829;1,696
5,839;1,693
5,849;1,690
5,859;1,687
5,869;1,684
5,879;1,681
5,889;1,679
5,899;1,676
5,909;1,673
5,919;1,670
5,929;1,667
5,939;1,664
5,949;1,661
5,959;1,658
5,969;1,656
5,979;1,653
5,989;1,650
5,999;1,647
6,009;1,644
6,019;1,641
6,029;1,639
6,039;1,636
6,049;1,633
6,059;1,630
6,069;1,627
6,079;1,624
6,089;1,622
6,099;1,619
6,109;1,616
6,119;1,613
6,129;1,610
6,139;1,607
6,149;1,605
6,159;1,602
6,169;1,599
6,179;1,596
6,189;1,593
6,199;1,590
6,209;1,588
6,219;1,585
6,229;1,582
6,239;1,579
6,249;1,576
6,259;1,574
6,269;1,571
6,279;1,568
6,289;1,565
6,299;1,562
6,309;1,560
6,319;1,557
6,329;1,554
6,339;1,551
6,349;1,548
6,359;1,546
6,369;1,543
6,379;1,540
6,389;1,537
6,399;1,534
6,409;1,532
6,419;1,529
6,429;1,526
6,439;1,523
6,449;1,521
6,459;1,518
6,469;1,515
6,479;1,512
6,489;1,510
6,499;1,507
6,509;1,504
6,519;1,501
6,529;1,498
6,539;1,496
6,549;1,493
6,559;1,490
6,569;1,487
6,579;1,485
6,589;1,482
6,599;1,479
6,609;1,476
6,619;1,474
6,629;1,471
6,639;1,468
6,649;1,465
6,659;1,463
6,669;1,460
6,679;1,457
6,689;1,454
6,699;1,452
6,709;1,449
6,719;1,446
6,729;1,444
6,739;1,441
6,749;1,438
6,759;1,435
6,769;1,433
6,779;1,430
6,789;1,427
6,799;1,424
6,809;1,422
6,819;1,419
6,829;1,416
6,839;1,414
6,849;1,411
6,859;1,408
6,869;1,405
6,879;1,403
6,889;1,400
6,899;1,397
6,909;1,395
6,919;1,392
6,929;1,389
6,939;1,387
6,949;1,384
6,959;1,381
6,969;1,378
6,979;1,376
6,989;1,373
6,999;1,370
7,009;1,368
7,019;1,365
7,029;1,362
7,039;1,360
7,049;1,357
7,059;1,354
7,069;1,352
7,079;1,349
7,089;1,346
7,099;1,344
7,109;1,341
7,119;1,338
7,129;1,336
7,139;1,333
7,149;1,330
7,159;1,328
7,169;1,325
7,179;1,322
7,189;1,320
7,199;1,317
7,209;1,314
7,219;1,312
7,229;1,309
7,239;1,306
7,249;1,304
7,259;1,301
7,269;1,298
7,279;1,296
7,289;1,293
7,299;1,290
7,309;1,288
7,319;1,285
7,329;1,282
7,339;1,280
7,349;1,277
7,359;1,275
7,369;1,272
7,379;1,269
7,389;1,267
7,399;1,264
7,409;1,261
7,419;1,259
7,429;1,256
7,439;1,253
7,449;1,251
7,459;1,248
7,469;1,246
7,479;1,243
7,489;1,240
7,499;1,238
7,509;1,235
7,519;1,233
7,529;1,230
7,539;1,227
7,549;1,225
7,559;1,222
7,569;1,219
7,579;1,217
7,589;1,214
7,599;1,212
7,609;1,209
7,619;1,206
7,629;1,204
7,639;1,201
7,649;1,199
7,659;1,196
7,669;1,194
7,679;1,191
7,689;1,188
7,699;1,186
7,709;1,183
7,719;1,181
7,729;1,178
7,739;1,175
7,749;1,173
7,759;1,170
7,769;1,168
7,779;1,165
7,789;1,163
7,799;1,160
7,809;1,157
7,819;1,155
7,829;1,152
7,839;1,150
7,849;1,147
7,859;1,145
7,869;1,142
7,879;1,139
7,889;1,137
7,899;1,134
7,909;1,132
7,919;1,129
7,929;1,127
7,939;1,124
7,949;1,122
7,959;1,119
7,969;1,117
7,979;1,114
7,989;1,111
7,999;1,109
8,009;1,106
8,019;1,104
8,029;1,101
8,039;1,099
8,049;1,096
8,059;1,094
8,069;1,091
8,079;1,089
8,089;1,086
8,099;1,084
8,109;1,081
8,119;1,078
8,129;1,076
8,139;1,073
8,149;1,071
8,159;1,068
8,169;1,066
8,179;1,063
8,189;1,061
8,199;1,058
8,209;1,056
8,219;1,053
8,229;1,051
8,239;1,048
8,249;1,046
8,259;1,043
8,269;1,041
8,279;1,038
8,289;1,036
8,299;1,033
8,309;1,031
8,319;1,028
8,329;1,026
8,339;1,023
8,349;1,021
8,359;1,018
8,369;1,016
8,379;1,013
8,389;1,011
8,399;1,008
8,409;1,006
8,419;1,003
8,429;1,001
8,439;0,998
8,449;0,996
8,459;0,993
8,469;0,991
8,479;0,988
8,489;0,986
8,499;0,984
8,509;0,981
8,519;0,979
8,529;0,976
8,539;0,974
8,549;0,971
8,559;0,969
8,569;0,966
8,579;0,964
8,589;0,961
8,599;0,959
8,609;0,956
8,619;0,954
8,629;0,951
8,639;0,949
8,649;0,947
8,659;0,944
8,669;0,942
8,679;0,939
8,689;0,937
8,699;0,934
8,709;0,932
8,719;0,929
8,729;0,927
8,739;0,925
8,749;0,922
8,759;0,920
8,769;0,917
8,779;0,915
8,789;0,912
8,799;0,910
8,809;0,907
8,819;0,905
8,829;0,903
8,839;0,900
8,849;0,898
8,859;0,895
8,869;0,893
8,879;0,890
8,889;0,888
8,899;0,886
8,909;0,883
8,919;0,881
8,929;0,878
8,939;0,876
8,949;0,874
8,959;0,871
8,969;0,869
8,979;0,866
8,989;0,864
8,999;0,861
9,009;0,859
9,019;0,857
9,029;0,854
9,039;0,852
9,049;0,849
9,059;0,847
9,069;0,845
9,079;0,842
9,089;0,840
9,099;0,837
9,109;0,835
9,119;0,833
9,129;0,830
9,139;0,828
9,149;0,826
9,159;0,823
9,169;0,821
9,179;0,818
9,189;0,816
9,199;0,814
9,209;0,811
9,219;0,809
9,229;0,806
9,239;0,804
9,249;0,802
9,259;0,799
9,269;0,797
9,279;0,795
9,289;0,792
9,299;0,790
9,309;0,787
9,319;0,785
9,329;0,783
9,339;0,780
9,349;0,778
9,359;0,776
9,369;0,773
9,379;0,771
9,389;0,769
9,399;0,766
9,409;0,764
9,419;0,761
9,429;0,759
9,439;0,757
9,449;0,754
9,459;0,752
9,469;0,750
9,479;0,747
9,489;0,745
9,499;0,743
9,509;0,740
9,519;0,738
9,529;0,736
9,539;0,733
9,549;0,731
9,559;0,729
9,569;0,726
9,579;0,724
9,589;0,722
9,599;0,719
9,609;0,717
9,619;0,715
9,629;0,712
9,639;0,710
9,649;0,708
9,659;0,705
9,669;0,703
9,679;0,701
9,689;0,698
9,699;0,696
9,709;0,694
9,719;0,691
9,729;0,689
9,739;0,687
9,749;0,684
9,759;0,682
9,769;0,680
9,779;0,677
9,789;0,675
9,799;0,673
9,809;0,671
9,819;0,668
9,829;0,666
9,839;0,664
9,849;0,661
9,859;0,659
9,869;0,657
9,879;0,654
9,889;0,652
9,899;0,650
9,909;0,648
9,919;0,645
9,929;0,643
9,939;0,641
9,949;0,638
9,959;0,636
9,969;0,634
9,979;0,631
9,989;0,629
9,999;0,627
10,009;0,625
10,019;0,622
10,029;0,620
10,039;0,618
10,049;0,616
10,059;0,613
10,069;0,611
10,079;0,609
10,089;0,606
10,099;0,604
10,109;0,602
10,119;0,600
10,129;0,597
10,139;0,595
10,149;0,593
10,159;0,590
10,169;0,588
10,179;0,586
10,189;0,584
10,199;0,581
10,209;0,579
10,219;0,577
10,229;0,575
10,239;0,572
10,249;0,570
10,259;0,568
10,269;0,566
10,279;0,563
10,289;0,561
10,299;0,559
10,309;0,557
10,319;0,554
10,329;0,552
10,339;0,550
10,349;0,548
10,359;0,545
10,369;0,543
10,379;0,541
10,389;0,539
10,399;0,536
10,409;0,534
10,419;0,532
10,429;0,530
10,439;0,527
10,449;0,525
10,459;0,523
10,469;0,521
10,479;0,518
10,489;0,516
10,499;0,514
10,509;0,512
10,519;0,510
10,529;0,507
10,539;0,505
10,549;0,503
10,559;0,501
10,569;0,498
10,579;0,496
10,589;0,494
10,599;0,492
10,609;0,490
10,619;0,487
10,629;0,485
10,639;0,483
10,649;0,481
10,659;0,478
10,669;0,476
10,679;0,474
10,689;0,472
10,699;0,470
10,709;0,467
10,719;0,465
10,729;0,463
10,739;0,461
10,749;0,459
10,759;0,456
10,769;0,454
10,779;0,452
10,789;0,450
10,799;0,448
10,809;0,445
10,819;0,443
10,829;0,441
10,839;0,439
10,849;0,437
10,859;0,434
10,869;0,432
10,879;0,430
10,889;0,428
10,899;0,426
10,909;0,424
10,919;0,421
10,929;0,419
10,939;0,417
10,949;0,415
10,959;0,413
10,969;0,410
10,979;0,408
10,989;0,406
10,999;0,404
11,009;0,402
11,019;0,400
11,029;0,397
11,039;0,395
11,049;0,393
11,059;0,391
11,069;0,389
11,079;0,387
11,089;0,384
11,099;0,382
11,109;0,380
11,119;0,378
11,129;0,376
11,139;0,374
11,149;0,371
11,159;0,369
11,169;0,367
11,179;0,365
11,189;0,363
11,199;0,361
11,209;0,358
11,219;0,356
11,229;0,354
11,239;0,352
11,249;0,350
11,259;0,348
11,269;0,346
11,279;0,343
11,289;0,341
11,299;0,339
11,309;0,337
11,319;0,335
11,329;0,333
11,339;0,331
11,349;0,328
11,359;0,326
11,369;0,324
11,379;0,322
11,389;0,320
11,399;0,318
11,409;0,316
11,419;0,313
11,429;0,311
11,439;0,309
11,449;0,307
11,459;0,305
11,469;0,303
11,479;0,301
11,489;0,298
11,499;0,296
11,509;0,294
11,519;0,292
11,529;0,290
11,539;0,288
11,549;0,286
11,559;0,284
11,569;0,282
11,579;0,279
11,589;0,277
11,599;0,275
11,609;0,273
11,619;0,271
11,629;0,269
11,639;0,267
11,649;0,265
11,659;0,262
11,669;0,260
11,679;0,258
11,689;0,256
11,699;0,254
11,709;0,252
11,719;0,250
11,729;0,248
11,739;0,246
11,749;0,244
11,759;0,241
11,769;0,239
11,779;0,237
11,789;0,235
11,799;0,233
11,809;0,231
11,819;0,229
11,829;0,227
11,839;0,225
11,849;0,223
11,859;0,220
11,869;0,218
11,879;0,216
11,889;0,214
11,899;0,212
11,909;0,210
11,919;0,208
11,929;0,206
11,939;0,204
11,949;0,202
11,959;0,200
11,969;0,198
11,979;0,195
11,989;0,193
11,999;0,191
12,009;0,189
12,019;0,187
12,029;0,185
12,039;0,183
12,049;0,181
12,059;0,179
12,069;0,177
12,079;0,175
12,089;0,173
12,099;0,171
12,109;0,169
12,119;0,166
12,129;0,164
12,139;0,162
12,149;0,160
12,159;0,158
12,169;0,156
12,179;0,154
12,189;0,152
12,199;0,150
12,209;0,148
12,219;0,146
12,229;0,144
12,239;0,142
12,249;0,140
12,259;0,138
12,269;0,136
12,279;0,134
12,289;0,131
12,299;0,129
12,309;0,127
12,319;0,125
12,329;0,123
12,339;0,121
12,349;0,119
12,359;0,117
12,369;0,115
12,379;0,113
12,389;0,111
12,399;0,109
12,409;0,107
12,419;0,105
12,429;0,103
12,439;0,101
12,449;0,099
12,459;0,097
12,469;0,095
12,479;0,093
12,489;0,091
12,499;0,089
12,509;0,087
12,519;0,085
12,529;0,083
12,539;0,081
12,549;0,078
12,559;0,076
12,569;0,074
12,579;0,072
12,589;0,070
12,599;0,068
12,609;0,066
12,619;0,064
12,629;0,062
12,639;0,060
12,649;0,058
12,659;0,056
12,669;0,054
12,679;0,052
12,689;0,050
12,699;0,048
12,709;0,046
12,719;0,044
12,729;0,042
12,739;0,040
12,749;0,038
12,759;0,036
12,769;0,034
12,779;0,032
12,789;0,030
12,799;0,028
12,809;0,026
12,819;0,024
12,829;0,022
12,839;0,020
12,849;0,018
12,859;0,016
12,869;0,014
12,879;0,012
12,889;0,010
12,899;0,008
12,909;0,006
12,919;0,004
12,929;0,002
12,939;0,000
12,949;-0,002
12,959;-0,004
12,969;-0,006
12,979;-0,008
12,989;-0,010
12,999;-0,012
13,009;-0,014
13,019;-0,016
13,029;-0,018
13,039;-0,020
13,049;-0,022
13,059;-0,024
13,069;-0,026
13,079;-0,028
13,089;-0,030
13,099;-0,032
13,109;-0,034
13,119;-0,036
13,129;-0,038
13,139;-0,040
13,149;-0,041
13,159;-0,043
13,169;-0,045
13,179;-0,047
13,189;-0,049
13,199;-0,051
13,209;-0,053
13,219;-0,055
13,229;-0,057
13,239;-0,059
13,249;-0,061
13,259;-0,063
13,269;-0,065
13,279;-0,067
13,289;-0,069
13,299;-0,071
13,309;-0,073
13,319;-0,075
13,329;-0,077
13,339;-0,079
13,349;-0,081
13,359;-0,083
13,369;-0,085
13,379;-0,087
13,389;-0,089
13,399;-0,091
13,409;-0,093
13,419;-0,094
13,429;-0,096
13,439;-0,098
13,449;-0,100
13,459;-0,102
13,469;-0,104
13,479;-0,106
13,489;-0,108
13,499;-0,110
13,509;-0,112
13,519;-0,114
13,529;-0,116
13,539;-0,118
13,549;-0,120
13,559;-0,122
13,569;-0,124
13,579;-0,126
13,589;-0,128
13,599;-0,129
13,609;-0,131
13,619;-0,133
13,629;-0,135
13,639;-0,137
13,649;-0,139
13,659;-0,141
13,669;-0,143
13,679;-0,145
13,689;-0,147
13,699;-0,149
13,709;-0,151
13,719;-0,153
13,729;-0,155
13,739;-0,157
13,749;-0,158
13,759;-0,160
13,769;-0,162
13,779;-0,164
13,789;-0,166
13,799;-0,168
13,809;-0,170
13,819;-0,172
13,829;-0,174
13,839;-0,176
13,849;-0,178
13,859;-0,180
13,869;-0,181
13,879;-0,183
13,889;-0,185
13,899;-0,187
13,909;-0,189
13,919;-0,191
13,929;-0,193
13,939;-0,195
13,949;-0,197
13,959;-0,199
13,969;-0,201
13,979;-0,202
13,989;-0,204
13,999;-0,206
14,009;-0,208
14,019;-0,210
14,029;-0,212
14,039;-0,214
14,049;-0,216
14,059;-0,218
14,069;-0,220
14,079;-0,222
14,089;-0,223
14,099;-0,225
14,109;-0,227
14,119;-0,229
14,129;-0,231
14,139;-0,233
14,149;-0,235
14,159;-0,237
14,169;-0,239
14,179;-0,240
14,189;-0,242
14,199;-0,244
14,209;-0,246
14,219;-0,248
14,229;-0,250
14,239;-0,252
14,249;-0,254
14,259;-0,256
14,269;-0,257
14,279;-0,259
14,289;-0,261
14,299;-0,263
14,309;-0,265
14,319;-0,267
14,329;-0,269
14,339;-0,271
14,349;-0,272
14,359;-0,274
14,369;-0,276
14,379;-0,278
14,389;-0,280
14,399;-0,282
14,409;-0,284
14,419;-0,286
14,429;-0,287
14,439;-0,289
14,449;-0,291
14,459;-0,293
14,469;-0,295
14,479;-0,297
14,489;-0,299
14,499;-0,301
14,509;-0,302
14,519;-0,304
14,529;-0,306
14,539;-0,308
14,549;-0,310
14,559;-0,312
14,569;-0,314
14,579;-0,315
14,589;-0,317
14,599;-0,319
14,609;-0,321
14,619;-0,323
14,629;-0,325
14,639;-0,327
14,649;-0,328
14,659;-0,330
14,669;-0,332
14,679;-0,334
14,689;-0,336
14,699;-0,338
14,709;-0,340
14,719;-0,341
14,729;-0,343
14,739;-0,345
14,749;-0,347
14,759;-0,349
14,769;-0,351
14,779;-0,353
14,789;-0,354
14,799;-0,356
14,809;-0,358
14,819;-0,360
14,829;-0,362
14,839;-0,364
14,849;-0,365
14,859;-0,367
14,869;-0,369
14,879;-0,371
14,889;-0,373
14,899;-0,375
14,909;-0,376
14,919;-0,378
14,929;-0,380
14,939;-0,382
14,949;-0,384
14,959;-0,386
14,969;-0,387
14,979;-0,389
14,989;-0,391
14,999;-0,393
15,009;-0,395
15,019;-0,397
15,029;-0,398
15,039;-0,400
15,049;-0,402
15,059;-0,404
15,069;-0,406
15,079;-0,408
15,089;-0,409
15,099;-0,411
15,109;-0,413
15,119;-0,415
15,129;-0,417
15,139;-0,419
15,149;-0,420
15,159;-0,422
15,169;-0,424
15,179;-0,426
15,189;-0,428
15,199;-0,429
15,209;-0,431
15,219;-0,433
15,229;-0,435
15,239;-0,437
15,249;-0,438
15,259;-0,440
15,269;-0,442
15,279;-0,444
15,289;-0,446
15,299;-0,448
15,309;-0,449
15,319;-0,451
15,329;-0,453
15,339;-0,455
15,349;-0,457
15,359;-0,458
15,369;-0,460
15,379;-0,462
15,389;-0,464
15,399;-0,466
15,409;-0,467
15,419;-0,469
15,429;-0,471
15,439;-0,473
15,449;-0,475
15,459;-0,476
15,469;-0,478
15,479;-0,480
15,489;-0,482
15,499;-0,484
15,509;-0,485
15,519;-0,487
15,529;-0,489
15,539;-0,491
15,549;-0,493
15,559;-0,494
15,569;-0,496
15,579;-0,498
15,589;-0,500
15,599;-0,501
15,609;-0,503
15,619;-0,505
15,629;-0,507
15,639;-0,509
15,649;-0,510
15,659;-0,512
15,669;-0,514
15,679;-0,516
15,689;-0,518
15,699;-0,519
15,709;-0,521
15,719;-0,523
15,729;-0,525
15,739;-0,526
15,749;-0,528
15,759;-0,530
15,769;-0,532
15,779;-0,534
15,789;-0,535
15,799;-0,537
15,809;-0,539
15,819;-0,541
15,829;-0,542
15,839;-0,544
15,849;-0,546
15,859;-0,548
15,869;-0,550
15,879;-0,551
15,889;-0,553
15,899;-0,555
15,909;-0,557
15,919;-0,558
15,